ID,Name,Age,Gender,Salary,Department,Joining_Date,Performance_Score,Remarks
1,Alice,40,F,50000,HR,2019-07-01,4,Average
2,David,20,M,40000,Finance,2022-11-11,4,Needs Improvement
3,Eva,35,F,30000,Finance,2020-01-15,1,Good
4,Alice,40,M,50000,Marketing,2022-11-11,5,Good
5,Charlie,35,F,50000,Finance,2022-11-11,2,Needs Improvement
6,Eva,35,M,60000,HR,2021-03-20,1,Excellent
7,Eva,35,F,80000,IT,2019-07-01,2,Excellent
9,Bob,35,M,30000,HR,2019-07-01,4,Needs Improvement
10,Charlie,40,M,60000,HR,2020-01-15,3,Good
11,Alice,40,F,50000,HR,2021-03-20,5,Needs Improvement
12,Charlie,30,Unknown,60000,Finance,2021-03-20,4,Needs Improvement
13,Charlie,50,Unknown,60000,Finance,2022-11-11,1,Excellent
17,Alice,20,F,30000,Finance,2022-11-11,1,Average
18,Eva,45,F,30000,Finance,2022-11-11,1,Average
19,Bob,40,F,50000,Finance,2022-11-11,1,Average
20,David,20,M,50000,IT,2022-11-11,1,Good
23,Bob,30,Unknown,60000,Finance,2022-11-11,2,Average
24,David,40,Unknown,50000,Finance,2021-03-20,4,Good
25,Eva,20,F,30000,Marketing,2021-03-20,5,Needs Improvement
26,Alice,35,M,30000,Finance,2020-01-15,3,Excellent
28,Bob,20,M,50000,Finance,2022-11-11,3,Average
29,Alice,30,F,60000,Finance,2022-11-11,4,Excellent
30,Eva,45,M,50000,Marketing,2022-11-11,4,Average
31,David,40,M,50000,HR,2019-07-01,3,Average
33,Alice,30,M,80000,IT,2019-07-01,3,Average
34,Charlie,20,Unknown,70000,HR,2022-11-11,2,Average
35,Charlie,40,F,40000,HR,2022-11-11,4,Needs Improvement
38,David,30,M,40000,IT,2019-07-01,5,Excellent
39,David,25,F,50000,HR,2021-03-20,1,Excellent
40,Alice,35,F,80000,Finance,2019-07-01,4,Needs Improvement
41,Alice,50,F,30000,Finance,2022-11-11,4,Good
43,Alice,30,F,50000,Finance,2020-01-15,3,Excellent
44,Alice,40,M,40000,IT,2022-11-11,4,Excellent
45,Charlie,50,F,40000,HR,2020-01-15,5,Good
46,David,50,Unknown,40000,Finance,2021-03-20,4,Average
47,Alice,50,F,70000,Marketing,2019-07-01,1,Average
48,David,20,M,40000,IT,2019-07-01,1,Excellent
49,Alice,35,M,50000,Finance,2020-01-15,5,Excellent
50,Charlie,20,M,30000,Marketing,2019-07-01,5,Average
51,Eva,40,M,80000,Marketing,2022-11-11,3,Average
53,Alice,25,M,40000,IT,2020-01-15,1,Needs Improvement
54,Eva,35,Unknown,50000,Marketing,2019-07-01,4,Average
55,Alice,35,F,40000,Marketing,2020-01-15,4,Average
56,Alice,40,M,50000,IT,2020-01-15,4,Good
57,Bob,45,F,50000,IT,2022-11-11,2,Needs Improvement
58,David,25,M,50000,Marketing,2022-11-11,2,Excellent
59,Alice,30,M,60000,IT,2020-01-15,5,Needs Improvement
60,David,20,M,30000,Marketing,2019-07-01,3,Excellent
61,Alice,35,Unknown,50000,Marketing,2021-03-20,2,Average
62,Bob,20,F,50000,Finance,2020-01-15,1,Needs Improvement
63,Bob,50,M,30000,HR,2020-01-15,4,Average
64,Alice,20,F,60000,Marketing,2022-11-11,4,Average
65,Bob,30,F,40000,Finance,2022-11-11,5,Average
68,David,25,F,50000,HR,2021-03-20,4,Average
69,David,35,F,30000,HR,2019-07-01,5,Excellent
70,Alice,40,F,50000,HR,2022-11-11,4,Average
72,Alice,35,Unknown,40000,Marketing,2022-11-11,5,Excellent
73,David,50,F,30000,Finance,2022-11-11,5,Average
74,Eva,20,F,80000,Marketing,2022-11-11,5,Average
76,Charlie,30,M,70000,Finance,2021-03-20,4,Needs Improvement
77,Alice,40,M,50000,Finance,2022-11-11,4,Good
78,Alice,25,M,60000,Finance,2019-07-01,5,Average
79,David,35,Unknown,30000,Finance,2019-07-01,2,Needs Improvement
80,Bob,35,F,80000,Finance,2022-11-11,3,Average
82,Bob,50,F,80000,Finance,2020-01-15,3,Average
83,Alice,40,F,30000,Finance,2022-11-11,3,Average
84,Alice,50,Unknown,50000,IT,2021-03-20,4,Average
85,Alice,45,F,30000,HR,2019-07-01,4,Good
86,Bob,35,M,70000,IT,2020-01-15,2,Average
87,David,45,M,30000,IT,2020-01-15,3,Excellent
88,Alice,30,F,30000,Finance,2019-07-01,3,Good
89,Eva,50,F,70000,IT,2021-03-20,5,Average
90,Alice,30,M,60000,Finance,2020-01-15,4,Excellent
91,Bob,20,F,30000,Finance,2020-01-15,3,Good
92,Bob,45,M,70000,Finance,2022-11-11,4,Good
93,David,40,F,50000,IT,2021-03-20,2,Average
94,Bob,50,M,50000,HR,2020-01-15,4,Needs Improvement
95,Bob,35,F,50000,Finance,2021-03-20,4,Good
98,Alice,40,Unknown,60000,IT,2020-01-15,2,Average
99,Alice,40,F,50000,HR,2022-11-11,4,Average
100,Alice,30,F,30000,Finance,2019-07-01,3,Average
101,Alice,45,F,50000,Finance,2021-03-20,4,Needs Improvement
102,Alice,50,F,60000,IT,2019-07-01,2,Needs Improvement
103,David,50,Unknown,30000,IT,2020-01-15,5,Average
104,Alice,20,M,80000,HR,2021-03-20,4,Needs Improvement
105,Alice,20,F,60000,Finance,2022-11-11,2,Excellent
106,Eva,35,F,70000,Finance,2019-07-01,1,Average
107,Eva,30,M,80000,Finance,2020-01-15,1,Needs Improvement
109,Alice,50,F,50000,Finance,2021-03-20,4,Average
110,Eva,35,F,40000,HR,2019-07-01,3,Good
111,Bob,30,F,80000,IT,2019-07-01,4,Average
112,Alice,35,M,50000,HR,2022-11-11,4,Good
113,David,35,F,50000,Finance,2022-11-11,4,Needs Improvement
114,David,30,F,50000,IT,2022-11-11,4,Good
115,David,35,F,60000,HR,2022-11-11,5,Average
116,Eva,30,F,30000,Finance,2020-01-15,5,Average
118,Eva,30,F,50000,Finance,2022-11-11,2,Average
119,Alice,45,M,50000,Marketing,2022-11-11,1,Needs Improvement
120,Eva,30,M,60000,HR,2021-03-20,4,Excellent
122,Alice,50,F,80000,IT,2020-01-15,2,Excellent
123,Alice,45,F,30000,Finance,2022-11-11,1,Average
124,Alice,35,F,80000,Finance,2022-11-11,4,Average
125,Alice,20,M,50000,Finance,2022-11-11,3,Needs Improvement
126,David,20,F,50000,Finance,2021-03-20,5,Good
127,Alice,50,F,40000,IT,2019-07-01,4,Needs Improvement
128,Charlie,50,M,40000,Finance,2021-03-20,1,Average
129,Charlie,45,F,80000,Finance,2021-03-20,4,Needs Improvement
130,Alice,25,F,70000,Finance,2022-11-11,3,Good
132,Charlie,20,F,40000,IT,2020-01-15,1,Needs Improvement
133,Alice,30,M,50000,Finance,2022-11-11,4,Average
134,Charlie,35,F,50000,HR,2020-01-15,5,Average
135,Eva,20,F,80000,Finance,2019-07-01,5,Average
136,Bob,20,F,50000,Finance,2022-11-11,2,Average
137,Alice,25,F,50000,HR,2019-07-01,4,Excellent
138,Bob,45,Unknown,50000,Finance,2022-11-11,4,Good
139,Alice,45,M,40000,HR,2022-11-11,4,Excellent
141,Alice,25,F,60000,Finance,2022-11-11,1,Average
142,Alice,30,F,30000,Finance,2019-07-01,1,Excellent
144,Bob,35,M,40000,Finance,2022-11-11,4,Needs Improvement
146,Alice,25,M,30000,HR,2020-01-15,3,Excellent
148,Alice,20,M,70000,Marketing,2020-01-15,5,Average
150,Charlie,35,M,70000,IT,2020-01-15,1,Excellent
151,David,20,M,50000,IT,2019-07-01,5,Excellent
152,Alice,25,F,40000,IT,2022-11-11,1,Average
153,Charlie,20,F,30000,IT,2022-11-11,2,Needs Improvement
154,Charlie,50,M,40000,Finance,2021-03-20,4,Good
155,Alice,40,F,50000,Finance,2022-11-11,1,Average
156,Charlie,35,F,40000,Finance,2022-11-11,5,Average
157,Eva,35,F,40000,Finance,2022-11-11,2,Average
158,Alice,35,M,50000,IT,2020-01-15,1,Excellent
159,Alice,50,M,50000,Marketing,2019-07-01,3,Excellent
161,Alice,45,M,70000,Finance,2022-11-11,4,Excellent
162,Eva,20,M,50000,Marketing,2019-07-01,1,Good
163,Bob,20,M,50000,Finance,2021-03-20,2,Excellent
164,Alice,30,F,30000,Finance,2019-07-01,3,Needs Improvement
165,Alice,30,M,70000,Finance,2022-11-11,4,Excellent
166,Alice,50,Unknown,60000,Finance,2019-07-01,2,Average
168,Charlie,30,F,80000,HR,2020-01-15,2,Average
169,Alice,35,Unknown,80000,IT,2022-11-11,3,Average
170,Alice,50,M,30000,IT,2020-01-15,2,Needs Improvement
171,Alice,40,F,50000,IT,2020-01-15,3,Good
172,Bob,50,M,60000,IT,2020-01-15,1,Good
173,Bob,20,M,60000,Finance,2022-11-11,3,Good
174,David,50,F,70000,Finance,2022-11-11,3,Good
175,Eva,35,F,60000,Finance,2020-01-15,4,Good
176,Charlie,30,M,80000,IT,2022-11-11,3,Needs Improvement
177,Alice,20,M,50000,Finance,2021-03-20,3,Excellent
178,Alice,50,F,50000,Finance,2021-03-20,4,Average
179,Alice,35,F,60000,IT,2019-07-01,1,Good
181,Eva,50,F,80000,Marketing,2022-11-11,4,Excellent
182,David,35,M,50000,IT,2020-01-15,4,Average
183,Alice,40,F,40000,Finance,2019-07-01,5,Needs Improvement
184,Eva,30,F,40000,IT,2021-03-20,1,Average
185,Alice,50,F,50000,IT,2022-11-11,1,Average
186,Alice,40,M,80000,IT,2022-11-11,5,Excellent
188,Alice,30,M,50000,IT,2021-03-20,3,Average
189,Charlie,20,F,50000,Finance,2022-11-11,4,Excellent
190,Eva,35,F,50000,Finance,2022-11-11,2,Needs Improvement
191,David,25,M,40000,IT,2020-01-15,4,Average
192,Eva,50,F,60000,IT,2022-11-11,2,Excellent
193,Alice,40,F,70000,Marketing,2021-03-20,5,Excellent
194,Charlie,25,F,40000,HR,2022-11-11,1,Good
196,Alice,40,F,60000,HR,2022-11-11,1,Good
197,David,30,F,50000,IT,2022-11-11,4,Average
198,Bob,50,F,80000,Marketing,2022-11-11,1,Good
199,Bob,35,F,30000,Finance,2022-11-11,1,Good
200,Eva,20,F,80000,IT,2019-07-01,4,Average
